Electoral District,Name,Party,Email,,
Saanich North and the Islands,Adam Olsen,BC Green,Adam.Olsen.MLA@leg.bc.ca,,
Parksville-Qualicum,Adam Walker,BC NDP,Adam.Walker.mla@leg.bc.ca,,
Langley,Andrew Mercier,BC NDP,Andrew.Mercier.mla@leg.bc.ca,,
Vancouver-Quilchena,Andrew Wilkinson,BC Liberal,andrew.wilkinson.MLA@leg.bc.ca,,
Kelowna West,Ben Stewart,BC Liberal,Ben.Stewart.MLA@leg.bc.ca,,
Maple Ridge-Mission,Bob D'Eith,BC NDP,Bob.Deith.MLA@leg.bc.ca,,
North Vancouver-Lonsdale,Bowinn Ma,BC NDP,bowinn.ma.mla@leg.bc.ca,,
Vancouver-False Creek,Brenda Bailey,BC NDP,BrendaBailey.mla@leg.bc.ca,,
Nelson-Creston,Brittny Anderson,BC NDP,Brittny.Anderson.mla@leg.bc.ca,,
Abbotsford South,Bruce Banman,BC Liberal,bruce.banman.MLA@leg.bc.ca,,
Cariboo North,Coralee Oakes,BC Liberal,Coralee.Oakes.MLA@leg.bc.ca,,
Penticton,Dan Ashton,BC Liberal,Dan.Ashton.MLA@leg.bc.ca,,
Chilliwack,Dan Coulter,BC NDP,Dan.Coulter.mla@leg.bc.ca,,
Peace River North,Dan Davies,BC Liberal,Dan.Davies.MLA@leg.bc.ca,,
Columbia River-Revelstoke,Doug Clovechok,BC Liberal,Doug.Clovechok.MLA@leg.bc.ca,,
Nanaimo-North Cowichan,Doug Routley,BC NDP,doug.routley.mla@leg.bc.ca,,
Skeena,Ellis Ross,BC Liberal,Ellis.Ross.MLA@leg.bc.ca,,
Coquitlam-Burke Mountain,Fin Donnelly,BC NDP,Fin.Donnelly.mla@leg.bc.ca,,
Surrey-Guildford,Garry Begg,BC NDP,garry.begg.mla@leg.bc.ca,,
Vancouver-Fraserview,George Chow,BC NDP,george.chow.mla@leg.bc.ca,,
Victoria-Beacon Hill,Grace Lore,BC NDP,grace.lore@bcndp.ca,,
Shuswap,Greg Kyllo,BC Liberal,Greg.Kyllo.MLA@leg.bc.ca,,
Vernon-Monashee,Harwinder Sandhu,BC NDP,Harwinder.Sandhu.mla@leg.bc.ca,,
Richmond South Centre,Henry Yao,BC NDP,Henry.Yao.mla@leg.bc.ca,,
Vancouver-Kingsway,Hon. Adrian Dix,BC NDP,adrian.dix.mla@leg.bc.ca,,
Burnaby-Deer Lake,Hon. Anne Kang,BC NDP,anne.kang.mla@leg.bc.ca,,
Surrey-Whalley,Hon. Bruce Ralston,BC NDP,bruce.ralston.mla@leg.bc.ca,,
Vancouver-Point Grey,Hon. David R. P. Eby,BC NDP,david.eby.mla@leg.bc.ca,,
Vancouver-Fairview,Hon. George Heyman,BC NDP,george.heyman.mla@leg.bc.ca,,
Surrey-Newton,Hon. Harry Bains,BC NDP,harry.bains.mla@leg.bc.ca,,
New Westminster,Hon. Jennifer Whiteside,BC NDP,Jennifer.Whiteside.mla@leg.bc.ca,,
Langford-Juan De Fuca,Hon. John Horgan,BC NDP,john.horgan.mla@leg.bc.ca,,
Mid Island-Pacific Rim,Hon. Josie Osborne,BC NDP,Josie.Osborne.mla@leg.bc.ca,,
Kootenay West,Hon. Katrine Conroy,BC NDP,katrine.conroy.mla@leg.bc.ca,,
Saanich South,Hon. Lana Popham,BC NDP,lana.popham.mla@leg.bc.ca,,
Maple Ridge-Pitt Meadows,Hon. Lisa Beare,BC NDP,lisa.beare.mla@leg.bc.ca,,
Vancouver-Mount Pleasant,Hon. Melanie Mark,BC NDP,melanie.mark.mla@leg.bc.ca,,
Port Coquitlam,Hon. Mike Farnworth,BC NDP,mike.farnworth.mla@leg.bc.ca,,
Esquimalt-Metchosin,Hon. Mitzi Dean,BC NDP,mitzi.dean.mla@leg.bc.ca,,
Oak Bay-Gordon Head,Hon. Murray Rankin,BC NDP,Murray.Rankin.mla@leg.bc.ca,,
Powell River-Sunshine Coast,Hon. Nicholas Simons,BC NDP,nicholas.simons.mla@leg.bc.ca,,
Delta North,Hon. Ravi Kahlon,BC NDP,ravi.kahlon.mla@leg.bc.ca,,
Victoria-Swan Lake,Hon. Rob Fleming,BC NDP,rob.fleming.mla@leg.bc.ca,,
Coquitlam-Maillardville,Hon. Selina Robinson,BC NDP,Selina.Robinson.mla@leg.bc.ca,,
Nanaimo,Hon. Sheila Malcolmson,BC NDP,sheila.malcolmson.mla@leg.bc.ca,,
Delta South,Ian Paton,BC Liberal,Ian.Paton.MLA@leg.bc.ca,,
Fraser-Nicola,Jackie Tegart,BC Liberal,Jackie.Tegart.MLA@leg.bc.ca,,
Surrey-Fleetwood,Jagrup Brar,BC NDP,jagrup.brar.mla@leg.bc.ca,,
Burnaby North,Janet Routledge,BC NDP,janet.routledge.mla@leg.bc.ca,,
North Coast,Jennifer Rice,BC NDP,jennifer.rice.mla@leg.bc.ca,,
Surrey-Panorama,Jinny Sims,BC NDP,jinny.sims.mla@leg.bc.ca,,
Nechako Lakes,John Rustad,BC Liberal,John.Rustad.MLA@leg.bc.ca,,
West Vancouver-Sea to Sky,Jordan Sturdy,BC Liberal,Jordan.Sturdy.MLA@leg.bc.ca,,
West Vancouver-Capilano,Karin Kirkpatrick,BC Liberal,karin.kirkpatrick.MLA@leg.bc.ca,,
Burnaby-Lougheed,Katrina Chen,BC NDP,katrina.chen.mla@leg.bc.ca,,
Chilliwack-Kent,Kelli Paddon,BC NDP,Kelli.Paddon.mla@leg.bc.ca,,
Richmond-Steveston,Kelly Greene,BC NDP,Kelly.Greene.mla@leg.bc.ca,,
Cariboo-Chilcotin,Lorne Doerkson,BC Liberal,lorne.doerkson.MLA@leg.bc.ca,,
Vancouver-Kensington,Mable Elmore,BC NDP,mable.elmore.mla@leg.bc.ca,,
Langley East,Megan Dykeman,BC NDP,megan.dykeman@bcndp.ca,,
Abbotsford West,"Michael de Jong, Q.C.",BC Liberal,Mike.deJong.MLA@leg.bc.ca,,
Vancouver-Langara,Michael Lee,BC Liberal,Michael.Lee.MLA@leg.bc.ca,,
North Island,Michele Babchuk,BC NDP,Michele.Babchuk.mla@leg.bc.ca,,
Peace River South,Mike Bernier,BC Liberal,Mike.Bernier.MLA@leg.bc.ca,,
Prince George-Mackenzie,Mike Morris,BC Liberal,Mike.Morris.MLA@leg.bc.ca,,
Surrey-Cloverdale,Mike Starchuk,BC NDP,Mike.Starchuk.mla@leg.bc.ca,,
Stikine,Nathan Cullen,BC NDP,Nathan.Cullen.mla@leg.bc.ca,,
Vancouver-Hastings,Niki Sharma,BC NDP,Niki.Sharma.mla@leg.bc.ca,,
Kelowna-Lake Country,Norm Letnick,BC Liberal,norm.letnick.MLA@leg.bc.ca,,
Abbotsford-Mission,Pam Alexis,BC NDP,pam.alexis.mla@leg.bc.ca,,
Kamloops-North Thompson,Peter Milobar,BC Liberal,Peter.Milobar.MLA@leg.bc.ca,,
Surrey-Green Timbers,Rachna Singh,BC NDP,rachna.singh@bcndp.ca,,
Burnaby-Edmonds,Raj Chouhan,BC NDP,raj.chouhan.mla@leg.bc.ca,,
Kelowna-Mission,Renee Merrifield,BC Liberal,renee.merrifield.MLA@leg.bc.ca,,
Port Moody-Coquitlam,Rick Glumac,BC NDP,rick.glumac.mla@leg.bc.ca,,
Boundary-Similkameen,Roly Russell,BC NDP,Roly.Russell.mla@leg.bc.ca,,
Courtenay-Comox,Ronna-Rae Leonard,BC NDP,Ronna-Rae.Leonard.MLA@leg.bc.ca,,
Prince George-Valemount,Shirley Bond,BC Liberal,Shirley.Bond.MLA@leg.bc.ca,,
Richmond-Queensborough,Singh Aman,BC NDP,Aman.Singh.mla@leg.bc.ca,,
Cowichan Valley,Sonia Furstenau,BC Green,sonia.furstenau.mla@leg.bc.ca,,
Vancouver-West End,Spencer Chandra Herbert,BC NDP,s.chandraherbert.mla@leg.bc.ca,,
Surrey South,Stephanie Cadieux,BC Liberal,stephanie.cadieux.MLA@leg.bc.ca,,
North Vancouver-Seymour,Susie Chant,BC NDP,Susie.Chant.mla@leg.bc.ca,,
Richmond North Centre,Teresa Wat,BC Liberal,Teresa.Wat.MLA@leg.bc.ca,,
Kamloops-South Thompson,Todd Stone,BC Liberal,Todd.Stone.MLA@leg.bc.ca,,
Kootenay East,Tom Shypitka,BC Liberal,Tom.Shypitka.MLA@leg.bc.ca,,
Surrey-White Rock,Trevor Halford,BC Liberal,trevor.halford.MLA@leg.bc.ca,,